key,title,slug,content,excerpt,category,tags,is_published,featured_image
blog_1,"Top 10 Things to Do in Kathmandu Valley","top-10-things-to-do-in-kathmandu-valley","Kathmandu Valley is a treasure trove of cultural heritage, natural beauty, and spiritual experiences. From ancient temples and stupas to vibrant markets and scenic viewpoints, here are the must-visit attractions. Start with the UNESCO World Heritage Sites: Pashupatinath Temple, Boudhanath Stupa, Swayambhunath Stupa, Bhaktapur Durbar Square, and Patan Durbar Square. Explore the narrow alleys of Thamel for shopping, visit the Garden of Dreams for peace, and take a day trip to Nagarkot for Himalayan sunrise views. Don't miss the traditional Newari cuisine at local eateries — the momos, chatamari, and yomari are unforgettable.","Discover the best experiences in the Kathmandu Valley — from ancient UNESCO temples to vibrant markets and Himalayan viewpoints.","Travel Tips","[""kathmandu"",""nepal"",""travel tips"",""heritage""]",True,https://images.example.com/kathmandu-valley.jpg
blog_2,"Annapurna Base Camp Trek: Complete Guide","annapurna-base-camp-trek-complete-guide","The Annapurna Base Camp Trek is one of Nepal's most rewarding trekking experiences. This comprehensive guide covers everything you need to know: best seasons (spring March-May and autumn October-November), required permits (ACAP and TIMS), physical preparation, packing list, and a day-by-day itinerary from Nayapul through Ghorepani and Poon Hill to the sanctuary. Expect stunning sunrise views from Poon Hill, close-up encounters with Annapurna I and Machhapuchhre, and the unique experience of staying in mountain teahouses. The trek takes 7-10 days depending on your pace and covers approximately 115km.","A complete guide to trekking the Annapurna Base Camp trail — permits, itinerary, packing tips, and everything you need to know.","Trekking","[""annapurna"",""trekking"",""nepal"",""guide""]",True,https://images.example.com/abc-guide.jpg
blog_3,"Nepali Cuisine: A Food Lover's Guide","nepali-cuisine-food-lovers-guide","Nepali cuisine is a delightful blend of flavors influenced by Tibetan and Indian culinary traditions. The national dish, dal bhat (lentil soup with rice), is eaten twice daily by most Nepalis. But there's much more to explore: momos (dumplings), chow mein, thukpa (noodle soup), sel roti (rice donuts), and the famous Newari feast. Street food lovers must try chatamari (Newari pizza), samosas, and juju dhau (king yogurt) from Bhaktapur. For drinks, don't miss masala chai, lassi, and tongba (millet wine). This guide covers regional specialties, where to eat, and cooking classes available in Kathmandu and Pokhara.","Explore the rich flavors of Nepali cuisine — from dal bhat and momos to Newari feasts and street food hidden gems.","Food & Culture","[""food"",""nepali cuisine"",""culture"",""travel""]",True,https://images.example.com/nepali-food.jpg
blog_4,"Best Time to Visit Nepal: A Month-by-Month Guide","best-time-to-visit-nepal-month-guide","Nepal offers distinct travel experiences throughout the year. Autumn (September-November) is the peak season with clear skies, warm temperatures, and the festive atmosphere of Dashain and Tihar. Winter (December-February) brings clear mountain views but cold temperatures, especially at higher elevations. Spring (March-May) is rhododendron blooming season with moderate weather and the celebration of Holi and Buddha Jayanti. Summer/Monsoon (June-August) brings rain to the hills but lush green landscapes — ideal for budget travelers. This month-by-month guide covers weather patterns, festivals, crowd levels, and recommended activities for each season to help you plan the perfect trip.","Plan your Nepal trip perfectly with this month-by-month guide covering weather, festivals, crowds, and seasonal activities.","Travel Tips","[""nepal"",""weather"",""best time"",""seasonal guide""]",True,https://images.example.com/nepal-seasons.jpg
blog_5,"Everest Base Camp Trek: Is It Right for You?","everest-base-camp-trek-right-for-you","The Everest Base Camp Trek is on many adventure travelers' bucket lists, but it's not for everyone. This honest guide covers the challenges: altitude sickness risk, 14-day commitment, basic teahouse accommodations, and the physical demands of high-altitude trekking. But the rewards are incomparable: walking in the shadow of the world's highest peak, visiting Sherpa villages, flying into Lukla's thrilling runway, and standing at Kala Patthar with Everest before you. We compare EBC with other popular treks like ABC and Langtang, discuss fitness preparation, budget considerations, and alternative options like the Everest View Trek for those short on time.","An honest look at the Everest Base Camp Trek — challenges, rewards, preparation, and whether this iconic trek is right for you.","Trekking","[""everest"",""ebc"",""trekking"",""nepal"",""guide""]",True,https://images.example.com/ebc-guide.jpg
blog_6,"Pokhara: Nepal's Adventure Capital","pokhara-nepals-adventure-capital","Pokhara is much more than a gateway to the Annapurna trails. This beautiful lakeside city offers adventure activities for every thrill level: paragliding over Phewa Lake with mountain views, white-water rafting on the Seti River, zip-lining, bungee jumping, ultralight flights, and mountain biking. For those seeking peace, there's boating on Phewa Lake, meditation retreats, and lazy afternoons at lakeside cafes. The World Peace Pagoda offers stunning sunset views, while Sarangkot is the best spot for sunrise panoramas. This guide covers the top 20 things to do in Pokhara, best restaurants, accommodation options from budget to luxury, and nearby day trips.","Discover Pokhara's adventure scene — paragliding, boating on Phewa Lake, mountain views, and the best cafes and restaurants.","Destinations","[""pokhara"",""adventure"",""nepal"",""travel""]",True,https://images.example.com/pokhara-guide.jpg
blog_7,"Nepal's UNESCO World Heritage Sites: Complete Guide","nepal-unesco-world-heritage-sites-guide","Nepal is home to 10 UNESCO World Heritage Sites, 8 cultural and 2 natural. The cultural sites include the seven monument zones of the Kathmandu Valley: Kathmandu Durbar Square, Patan Durbar Square, Bhaktapur Durbar Square, Swayambhunath Stupa, Boudhanath Stupa, Pashupatinath Temple, and Changu Narayan Temple. Lumbini, the birthplace of Lord Buddha, is another cultural site. The natural sites are Sagarmatha National Park (home to Mount Everest) and Chitwan National Park (famous for one-horned rhinos). This guide provides history, visiting tips, entrance fees, and suggested itineraries for exploring each site.","Explore all 10 UNESCO World Heritage Sites in Nepal — from Kathmandu's ancient squares to Chitwan's jungles and Everest's peaks.","Destinations","[""unesco"",""heritage"",""nepal"",""culture"",""guide""]",True,https://images.example.com/unesco-nepal.jpg
blog_8,"Travel Tips for First-Time Visitors to Nepal","travel-tips-first-time-visitors-nepal","Planning your first trip to Nepal? This essential guide covers everything you need to know before you go: visa requirements (available on arrival for most nationalities), currency (Nepali rupees), transportation options (domestic flights, buses, taxis), accommodation types, food safety, tipping etiquette, cultural norms and dress codes for temple visits, altitude sickness prevention, travel insurance requirements, SIM cards and internet connectivity, and safety tips. Learn basic Nepali phrases like Namaste and Dhanyabad, understand the bargaining culture in markets, and know what to pack for different seasons. With proper preparation, Nepal is a safe, welcoming, and unforgettable destination for first-time visitors.","Everything first-time visitors need to know before traveling to Nepal — visas, money, safety, culture, packing, and essential tips.","Travel Tips","[""travel tips"",""nepal"",""first time"",""guide""]",True,https://images.example.com/first-time-nepal.jpg
blog_9,"Chitwan National Park: Jungle Safari Guide","chitwan-national-park-jungle-safari-guide","Chitwan National Park, a UNESCO World Heritage Site, offers one of Asia's best wildlife experiences. This guide covers the park's highlights: jeep safaris through grasslands and sal forests to spot one-horned rhinoceros, Bengal tigers, sloth bears, and wild elephants; canoe rides along the Rapti River for crocodile and bird watching; guided jungle walks with experienced naturalists; and visits to the Elephant Breeding Center. Learn about the best times to visit (October-March for wildlife viewing), accommodation options from luxury resorts to budget lodges in Sauraha, park entry fees, safari booking tips, and the nearby Tharu village cultural experiences.","Your guide to Chitwan National Park — jeep safaris, rhino spotting, canoe rides, and the best wildlife experiences in Nepal.","Destinations","[""chitwan"",""wildlife"",""safari"",""nepal"",""guide""]",True,https://images.example.com/chitwan-guide.jpg
blog_10,"Budget Travel in Nepal: How to Save Money","budget-travel-nepal-how-to-save-money","Nepal is one of the most affordable travel destinations in the world, but smart planning can make it even cheaper. This guide covers daily budgets: budget travelers can get by on $25-35 per day including accommodation, food, and local transport. Learn how to save on accommodation with teahouses and hostels, eat like a local at roadside dal bhat joints, negotiate taxi fares, use local buses instead of tourist coaches, book domestic flights in advance, and choose budget-friendly treks like Poon Hill or Mardi Himal. We also cover free activities, student discounts, volunteering opportunities, and how to avoid common tourist traps. Trekking on a budget is possible with group permits and basic teahouses.","Practical tips for traveling Nepal on a budget — cheap accommodation, local food, budget treks, and money-saving hacks.","Travel Tips","[""budget travel"",""nepal"",""money saving"",""backpacking""]",True,https://images.example.com/budget-nepal.jpg
blog_11,"Langtang Valley Trek: The Best Short Trek from Kathmandu","langtang-valley-trek-best-short-trek-from-kathmandu","The Langtang Valley Trek is perfect for trekkers with limited time who still want a genuine Himalayan experience. Just 7-8 hours drive from Kathmandu, this trek takes you through beautiful forests, traditional Tamang villages, and into a stunning glacial valley at 3,870m. Highlights include the Kyanjin Gompa monastery, local cheese factory, and the challenging but rewarding hike to Kyanjin Ri for panoramic views of Langtang Lirung. At 7-8 days, it's shorter than ABC or EBC but offers equally dramatic scenery with fewer crowds. The trek is moderate in difficulty and can be done year-round, though spring and autumn are best. This guide covers permits, itinerary, accommodation, and what to pack.","Discover the Langtang Valley Trek — the best short Himalayan trek near Kathmandu with stunning views, culture, and fewer crowds.","Trekking","[""langtang"",""trekking"",""nepal"",""short trek""]",True,https://images.example.com/langtang-guide.jpg
blog_12,"Festivals of Nepal: A Cultural Calendar","festivals-of-nepal-cultural-calendar","Nepal is a land of festivals, with celebrations happening almost every month. The biggest is Dashain (September-October), the 15-day Hindu festival honoring Goddess Durga. Tihar (October-November) is the festival of lights honoring crows, dogs, cows, and Laxmi. Holi (March) is the colorful spring festival, while Indra Jatra (August-September) in Kathmandu features chariot processions. Buddha Jayanti celebrates Buddha's birth with ceremonies at Lumbini and Swayambhunath. The New Year (Bisket Jatra in Bhaktapur, Losar in Tibetan communities) offers unique cultural experiences. This festival calendar helps travelers plan their visit around these vibrant celebrations, with tips on where to experience each festival authentically.","Plan your trip around Nepal's vibrant festivals — from Dashain and Tihar to Holi and Buddha Jayanti. A complete cultural calendar.","Food & Culture","[""festivals"",""nepal"",""culture"",""calendar""]",True,https://images.example.com/nepal-festivals.jpg
blog_13,"Sustainable Tourism in Nepal: Travel Responsibly","sustainable-tourism-nepal-travel-responsibly","As Nepal's tourism industry grows, responsible travel becomes increasingly important. This guide covers how to minimize your environmental impact: avoid single-use plastics by carrying a reusable water bottle with purification, choose eco-friendly accommodations, respect wildlife by maintaining distance during safaris, stay on marked trails to prevent erosion, and support local communities by buying from local artisans and hiring local guides. Learn about community-based tourism initiatives in places like Ghalegaun and Sirubari. Understand cultural sensitivities: dress modestly at religious sites, ask permission before photographing people, and learn about the Do's and Don'ts of temple visits. Travel responsibly and help preserve Nepal's natural and cultural heritage for future generations.","Travel responsibly in Nepal with tips on eco-friendly practices, supporting local communities, and respecting cultural heritage.","Travel Tips","[""sustainable tourism"",""eco-friendly"",""nepal"",""responsible travel""]",True,https://images.example.com/sustainable-nepal.jpg
blog_14,"Mardi Himal Trek: The Hidden Gem of the Annapurnas","mardi-himal-trek-hidden-gem-annapurnas","The Mardi Himal Trek is one of Nepal's best-kept secrets, offering incredible mountain views without the crowds of ABC or EBC. This relatively new trek takes you through rhododendron forests, above the treeline to a viewpoint at 4,500m with up-close views of Machhapuchhre, Annapurna South, and Hiunchuli. The trek is shorter (5-7 days) and less demanding than ABC, making it perfect for those seeking solitude and raw natural beauty. The trail starts from Kande near Pokhara and passes through Australian Camp, Forest Camp, Low Camp, High Camp, and finally Mardi Himal Base Camp. This guide covers the complete route, best seasons, permits, and how it compares to other Annapurna treks.","Explore the Mardi Himal Trek — a hidden gem with stunning Annapurna views, fewer crowds, and spectacular rhododendron forests.","Trekking","[""mardi himal"",""trekking"",""annapurna"",""hidden gem""]",True,https://images.example.com/mardi-himal.jpg
blog_15,"Yoga and Meditation Retreats in Nepal","yoga-meditation-retreats-nepal","Nepal is a global destination for yoga and meditation, with the peaceful Himalayan environment providing the perfect setting for spiritual practice. This guide covers the best retreats across Nepal: Pokhara offers lakeside yoga centers with mountain views, Kathmandu has traditional ashrams and Buddhist monasteries offering meditation courses, Lumbini provides a serene environment at the birthplace of Buddha, and Nagarkot offers hilltop retreats with spectacular sunrise views. Programs range from weekend introduction courses to intensive month-long teacher trainings. Learn about Vipassana meditation, Buddhist philosophy workshops, Ayurveda treatments, and how to choose the right retreat for your experience level and budget.","Find your inner peace with the best yoga and meditation retreats in Nepal — from Pokhara lakeside ashrams to Himalayan mountain centers.","Food & Culture","[""yoga"",""meditation"",""retreat"",""nepal"",""wellness""]",True,https://images.example.com/yoga-nepal.jpg
